cpu,mean,std,min,max,count
BlazeFace,8.210864067077637,1.3780973476326128,4.9648284912109375,11.536121368408203,100
